#STATION

CREATE TABLE STATION
(STATION_ID CHAR(5) PRIMARY KEY,
STATION_NAME CHAR(30),
STATE_LOCATED CHAR(10),
TRAINS_PER_WEEK INTEGER,
PLATFORM_NOS INTEGER);

INSERT INTO STATION VALUES ('MS','CHENNAI EGMORE','TAMILNADU','13','8');
INSERT INTO STATION VALUES ('TBM','TAMBARAM','TAMILNADU','13','8');
INSERT INTO STATION VALUES ('CGL','CHENGALPATTU','TAMILNADU','13','8');
INSERT INTO STATION VALUES ('TMV','TINDIVANAM','TAMILNADU','8','6');
INSERT INTO STATION VALUES ('VM','VILLUPURAM JUNCTION','TAMILNADU','13','8');
INSERT INTO STATION VALUES ('MV','MAYILADUTURAI','TAMILNADU','1','2');
INSERT INTO STATION VALUES ('TJ','THANJAVUR','TAMILNADU','1','2');
INSERT INTO STATION VALUES ('TPJ','TIRUCHIRAPPALLI JUNCTION','TAMILNADU','13','8');
INSERT INTO STATION VALUES ('DG','DINDIGAL JUNCTION','TAMILNADU','13','8');
INSERT INTO STATION VALUES ('KQN','KODAIKANAL ROAD','TAMILNADU','6','6');
INSERT INTO STATION VALUES ('MDU','MADURAI JUNCTION','TAMILNADU','13','8');
INSERT INTO STATION VALUES ('VPT','VIRUDUNAGAR JUNCTION','TAMILNADU','10','8');
INSERT INTO STATION VALUES ('SRT','SATUR','TAMILNADU','9','6');
INSERT INTO STATION VALUES ('CVP','KOVILPATTI','TAMILNADU','9','6');
INSERT INTO STATION VALUES ('MEJ','VANCHIMANIYACHI','TAMILNADU','5','4');
INSERT INTO STATION VALUES ('TEN','TIRUNELVELI JUNCTION','TAMILNADU','7','6');
INSERT INTO STATION VALUES ('TCN','TIRUCHENDUR','TAMILNADU','1','2');
INSERT INTO STATION VALUES ('CBE','COIMBATORE JUNCTION','TAMILNADU','6','6');
INSERT INTO STATION VALUES ('TUP','TIRUPPUR','TAMILNADU','6','6');
INSERT INTO STATION VALUES ('ED','ERODE JUNCTION','TAMILNADU','7','6');
INSERT INTO STATION VALUES ('SA','SALEM JUNCTION','TAMILNADU','5','4');
INSERT INTO STATION VALUES ('KPD','KATPADI JUNCTION','TAMILNADU','5','4');
INSERT INTO STATION VALUES ('AJJ','ARAKKONAM JUNCTION','TAMILNADU','5','4');
INSERT INTO STATION VALUES ('PER','PERAMBUR','TAMILNADU','5','4');
INSERT INTO STATION VALUES ('MAS','MGR CHENNAI CENTRAL','TAMILNADU','5','4');
INSERT INTO STATION VALUES ('NCJ','NAGERCOIL JUNCTION','TAMILNADU','4','4');
INSERT INTO STATION VALUES ('NNN','NANGUNERI','TAMILNADU','2','2');
INSERT INTO STATION VALUES ('KRR','KARUR','TAMILNADU','2','2');
INSERT INTO STATION VALUES ('CAPE','KANYAKUMARI','TAMILNADU','2','2');
INSERT INTO STATION VALUES ('VRI','VRIDHACHALAM JUNCTION','TAMILNADU','12','8');
INSERT INTO STATION VALUES ('MBM','MAMBALAM','TAMILNADU','9','6');
INSERT INTO STATION VALUES ('MTP','METUPALAIYAM','TAMILNADU','1','2');
INSERT INTO STATION VALUES ('ALU','ARIYALUR','TAMILNADU','4','4');
INSERT INTO STATION VALUES ('SRGM','SRIRANGAM','TAMILNADU','1','2');
INSERT INTO STATION VALUES ('PDKT','PUDUKOTTAI','TAMILNADU','1','2');
INSERT INTO STATION VALUES ('KKDI','KARAIKKUDI JUNCTION','TAMILNADU','1','2');
INSERT INTO STATION VALUES ('TN','TUTICORIN','TAMILNADU','2','2');
INSERT INTO STATION VALUES ('SCT','SENGOTTAI','TAMILNADU','1','2');
INSERT INTO STATION VALUES ('TSI','TENKASI JUNCTION','TAMILNADU','1','2');
INSERT INTO STATION VALUES ('SNKL','SANKARANKOVIL','TAMILNADU','1','2');
INSERT INTO STATION VALUES ('SVKS','SIVAKASI','TAMILNADU','1','2');
select * from STATION;




---------------------------------------------------------------------------------------------------

#TRAIN

CREATE TABLE TRAIN
(TRAIN_ID INTEGER PRIMARY KEY,
TRAIN_NAME CHAR(30),
TRAIN_TYPE CHAR(15),
RUN_DAYS CHAR(20),
CAPACITY INTEGER);

INSERT INTO TRAIN VALUES ('16105','CHENDUR EXPRESS','SPECIAL TRAINS','SAT','500');
INSERT INTO TRAIN VALUES ('12674','CHERAN EXPRESS','SPECIAL TRAINS','SAT','500');
INSERT INTO TRAIN VALUES ('16322','COIMBATORE-NAGERCOIL EXPRESS','SPECIAL TRAINS','SAT','450');
INSERT INTO TRAIN VALUES ('12634','KANYAKUMARI EXPRESS','SPECIAL TRAINS','SAT,WED','600');
INSERT INTO TRAIN VALUES ('12676','KOVAI EXPRESS','SPECIAL TRAINS','SUN,WED','550');
INSERT INTO TRAIN VALUES ('12632','NELLAI EXPRESS','SPECIAL TRAINS','SUN,TUES','660');
INSERT INTO TRAIN VALUES ('12672','NILAGIRI EXPRESS','SPECIAL TRAINS','SUN','400');
INSERT INTO TRAIN VALUES ('12605','PALLAVAN EXPRESS','SPECIAL TRAINS','SUN','500');
INSERT INTO TRAIN VALUES ('12637','PANDIAN EXPRESS','SPECIAL TRAINS','MON','500');
INSERT INTO TRAIN VALUES ('12694','PEARL CITY EXPRESS','SPECIAL TRAINS','MON,WED','650');
INSERT INTO TRAIN VALUES ('12662','POTHIGAI EXPRESS','SPECIAL TRAINS','MON','600');
INSERT INTO TRAIN VALUES ('12653','ROCK FORT EXPRESS','SPECIAL TRAINS','MON','400');
INSERT INTO TRAIN VALUES ('16321','TRIVANDRUM EXPRESS','SPECIAL TRAINS','TUES','450');
INSERT INTO TRAIN VALUES ('12636','VAIGAI EXPRESS','SPECIAL TRAINS','TUES,WED','600');
INSERT INTO TRAIN VALUES ('22649','YERCAUD EXPRESS','SPECIAL TRAINS','TUES','400');



---------------------------------------------------------------------------------------------------


#TRAIN_ROUTE

CREATE TABLE TRAIN_ROUTE
(TRAIN_ID INTEGER REFERENCES TRAIN(TRAIN_ID),
TRAIN_NAME CHAR(30),
STARTING_STATION CHAR(5) REFERENCES STATION(STATION_ID),
ENDING_STATION CHAR(5) REFERENCES STATION(STATION_ID),
TRAVEL_TIME VARCHAR(15),
DISTANCE_IN_KMS INTEGER,
STOPS INTEGER);

INSERT INTO TRAIN_ROUTE VALUES ('16105','CHENDUR EXPRESS','MS','TCN','16HRS 10MINS','779','17');
INSERT INTO TRAIN_ROUTE VALUES ('12674','CHERAN EXPRESS','CBE','MAS','8HRS 5MINS','497','8');
INSERT INTO TRAIN_ROUTE VALUES ('16322','COIMBATORE-NAGERCOIL EXPRESS','CBE','NCJ','12HRS 35MINS','536','14');
INSERT INTO TRAIN_ROUTE VALUES ('12634','KANYAKUMARI EXPRESS','CAPE','MS','13HRS 5MINS','742','16');
INSERT INTO TRAIN_ROUTE VALUES ('12676','KOVAI EXPRESS','CBE','MAS','7HRS 45MINS','497','8');
INSERT INTO TRAIN_ROUTE VALUES ('12632','NELLAI EXPRESS','TEN','MS','11HRS 10MINS','653','14');
INSERT INTO TRAIN_ROUTE VALUES ('12672','NILAGIRI EXPRESS','MTP','MAS','9HRS 15MINS','532','9');
INSERT INTO TRAIN_ROUTE VALUES ('12605','PALLAVAN EXPRESS','MS','KKDI','7HRS 15MINS','426','10');
INSERT INTO TRAIN_ROUTE VALUES ('12637','PANDIAN EXPRESS','MS','MDU','7HRS 50MINS','497','9');
INSERT INTO TRAIN_ROUTE VALUES ('12694','PEARL CITY EXPRESS','TN','MS','11HRS 40MINS','656','16');
INSERT INTO TRAIN_ROUTE VALUES ('12662','POTHIGAI EXPRESS','SCT','MS','11HRS 55MINS','670','13');
INSERT INTO TRAIN_ROUTE VALUES ('12653','ROCK FORT EXPRESS','MS','TPJ','5HRS 45MINS','336','10');
INSERT INTO TRAIN_ROUTE VALUES ('16321','TRIVANDRUM EXPRESS','NCJ','CBE','12HRS 35MINS','536','14');
INSERT INTO TRAIN_ROUTE VALUES ('12636','VAIGAI EXPRESS','MDU','MS','7HRS 35MINS','497','10');
INSERT INTO TRAIN_ROUTE VALUES ('22649','YERCAUD EXPRESS','MAS','ED','7HRS 15MINS','396','6');




---------------------------------------------------------------------------------------------------



#TRAIN JOURNEY

CREATE TABLE TRAIN_JOURNEY
(TRAIN_ID INTEGER REFERENCES TRAIN(TRAIN_ID),
TRAIN_NAME CHAR(30),
STATION_ID CHAR(5) REFERENCES STATION(STATION_ID),
STATION_NAME CHAR(30),
ARRIVAL VARCHAR(6),
DEPARTURE VARCHAR(6),
HALT_TIME VARCHAR(6),
RUNNING_DAY INTEGER);

INSERT INTO TRAIN_JOURNEY VALUES('16105','CHENDUR EXPRESS','MS','CHENNAI EGMORE','START','16-00','-','1');
INSERT INTO TRAIN_JOURNEY VALUES('16105','CHENDUR EXPRESS','TBM','TAMBARAM','16-29','16-30','1MIN','1');
INSERT INTO TRAIN_JOURNEY VALUES('16105','CHENDUR EXPRESS','CGL','CHENGALPATTU','16-58','17-00','2MINS','1');
INSERT INTO TRAIN_JOURNEY VALUES('16105','CHENDUR EXPRESS','TMV','TINDIVANAM','17-49','17-50','1MIN','1');
INSERT INTO TRAIN_JOURNEY VALUES('16105','CHENDUR EXPRESS','VM','VILLUPURAM JUNCTION','18-45','18-50','5MINS','1');
INSERT INTO TRAIN_JOURNEY VALUES('16105','CHENDUR EXPRESS','MV','MAYILADUTURAI','21-13','21-15','2MINS','1');
INSERT INTO TRAIN_JOURNEY VALUES('16105','CHENDUR EXPRESS','TJ','THANJAVUR','22-28','22-30','2MINS','1');
INSERT INTO TRAIN_JOURNEY VALUES('16105','CHENDUR EXPRESS','TPJ','TIRUCHIRAPPALLI JUNCTION','00-05','00-10','5MINS','2');
INSERT INTO TRAIN_JOURNEY VALUES('16105','CHENDUR EXPRESS','DG','DINDIGAL JUNCTION','01-15','01-18','3MINS','2');
INSERT INTO TRAIN_JOURNEY VALUES('16105','CHENDUR EXPRESS','KQN','KODAIKANAL ROAD','01-34','01-35','1MIN','2');
INSERT INTO TRAIN_JOURNEY VALUES('16105','CHENDUR EXPRESS','MDU','MADURAI JUNCTION','02-40','02-45','5MINS','2');
INSERT INTO TRAIN_JOURNEY VALUES('16105','CHENDUR EXPRESS','VPT','VIRUDUNAGAR JUNCTION','03-23','03-25','2MINS','2');
INSERT INTO TRAIN_JOURNEY VALUES('16105','CHENDUR EXPRESS','SRT','SATUR','03-47','03-48','1MIN','2');
INSERT INTO TRAIN_JOURNEY VALUES('16105','CHENDUR EXPRESS','CVP','KOVILPATTI','04-09','04-10','1MIN','2');
INSERT INTO TRAIN_JOURNEY VALUES('16105','CHENDUR EXPRESS','MEJ','VANCHIMANIYACHI','04-44','04-45','1MIN','2');
INSERT INTO TRAIN_JOURNEY VALUES('16105','CHENDUR EXPRESS','TEN','TIRUNELVELI JUNCTION','06-10','06-15','5MINS','2');
INSERT INTO TRAIN_JOURNEY VALUES('16105','CHENDUR EXPRESS','TCN','TIRUCHENDUR','08-10','END','-','2');
INSERT INTO TRAIN_JOURNEY VALUES('12674','CHERAN EXPRESS','CBE','COIMBATORE JUNCTION','START','22-40','-','1');
INSERT INTO TRAIN_JOURNEY VALUES('12674','CHERAN EXPRESS','TUP','TIRUPPUR','23-18','23-20','2MINS','1');
INSERT INTO TRAIN_JOURNEY VALUES('12674','CHERAN EXPRESS','ED','ERODE JUNCTION','00-05','00-10','5MINS','2');
INSERT INTO TRAIN_JOURNEY VALUES('12674','CHERAN EXPRESS','SA','SALEM JUNCTION','00-57','01-00','3MINS','2');
INSERT INTO TRAIN_JOURNEY VALUES('12674','CHERAN EXPRESS','KPD','KATPADI JUNCTION','04-08','04-10','2MINS','2');
INSERT INTO TRAIN_JOURNEY VALUES('12674','CHERAN EXPRESS','AJJ','ARAKKONAM JUNCTION','04-58','05-00','2MINS','2');
INSERT INTO TRAIN_JOURNEY VALUES('12674','CHERAN EXPRESS','PER','PERAMBUR','05-49','05-50','1MIN','2');
INSERT INTO TRAIN_JOURNEY VALUES('12674','CHERAN EXPRESS','MAS','MGR CHENNAI CENTRAL','06-45','END','-','2');
INSERT INTO TRAIN_JOURNEY VALUES('16322','COIMBATORE-NAGERCOIL EXPRESS','CBE','COIMBATORE JUNCTION','START','08-00','-','1');
INSERT INTO TRAIN_JOURNEY VALUES('16322','COIMBATORE-NAGERCOIL EXPRESS','TUP','TIRUPPUR','08-48','08-50','2MINS','1');
INSERT INTO TRAIN_JOURNEY VALUES('16322','COIMBATORE-NAGERCOIL EXPRESS','ED','ERODE JUNCTION','09-50','09-55','5MINS','1');
INSERT INTO TRAIN_JOURNEY VALUES('16322','COIMBATORE-NAGERCOIL EXPRESS','KRR','KARUR','11-08','11-10','2MINS','1');
INSERT INTO TRAIN_JOURNEY VALUES('16322','COIMBATORE-NAGERCOIL EXPRESS','DG','DINDIGAL JUNCTION','13-20','13-25','5MINS','1');
INSERT INTO TRAIN_JOURNEY VALUES('16322','COIMBATORE-NAGERCOIL EXPRESS','KQN','KODAIKANAL ROAD','13-43','13-45','2MINS','1');
INSERT INTO TRAIN_JOURNEY VALUES('16322','COIMBATORE-NAGERCOIL EXPRESS','MDU','MADURAI JUNCTION','14-30','14-35','5MINS','1');
INSERT INTO TRAIN_JOURNEY VALUES('16322','COIMBATORE-NAGERCOIL EXPRESS','VPT','VIRUDUNAGAR JUNCTION','15-28','15-30','2MINS','1');
INSERT INTO TRAIN_JOURNEY VALUES('16322','COIMBATORE-NAGERCOIL EXPRESS','SRT','SATUR','15-51','15-53','2MINS','1');
INSERT INTO TRAIN_JOURNEY VALUES('16322','COIMBATORE-NAGERCOIL EXPRESS','CVP','KOVILPATTI','16-13','16-15','2MINS','1');
INSERT INTO TRAIN_JOURNEY VALUES('16322','COIMBATORE-NAGERCOIL EXPRESS','MEJ','VANCHIMANIYACHI','17-04','17-05','1MIN','1');
INSERT INTO TRAIN_JOURNEY VALUES('16322','COIMBATORE-NAGERCOIL EXPRESS','TEN','TIRUNELVELI JUNCTION','17-55','18-00','5MINS','1');
INSERT INTO TRAIN_JOURNEY VALUES('16322','COIMBATORE-NAGERCOIL EXPRESS','NNN','NANGUNERI','18-30','18-31','1MIN','1');
INSERT INTO TRAIN_JOURNEY VALUES('16322','COIMBATORE-NAGERCOIL EXPRESS','NCJ','NAGERCOIL JUNCTION','20-10','END','-','1');
INSERT INTO TRAIN_JOURNEY VALUES('12634','KANYAKUMARI EXPRESS','CAPE','KANYAKUMARI','START','17-20','-','1');
INSERT INTO TRAIN_JOURNEY VALUES('12634','KANYAKUMARI EXPRESS','NCJ','NAGERCOIL JUNCTION','17-35','17-40','5MINS','1');
INSERT INTO TRAIN_JOURNEY VALUES('12634','KANYAKUMARI EXPRESS','TEN','TIRUNELVELI JUNCTION','19-00','19-05','5MINS','1');
INSERT INTO TRAIN_JOURNEY VALUES('12634','KANYAKUMARI EXPRESS','CVP','KOVILPATTI','20-11','20-12','1MIN','1');
INSERT INTO TRAIN_JOURNEY VALUES('12634','KANYAKUMARI EXPRESS','SRT','SATUR','20-34','20-35','1MIN','1');
INSERT INTO TRAIN_JOURNEY VALUES('12634','KANYAKUMARI EXPRESS','VPT','VIRUDUNAGAR JUNCTION','21=03','21-05','2MINS','1');
INSERT INTO TRAIN_JOURNEY VALUES('12634','KANYAKUMARI EXPRESS','MDU','MADURAI JUNCTION','22-00','22-05','5MINS','1');
INSERT INTO TRAIN_JOURNEY VALUES('12634','KANYAKUMARI EXPRESS','DG','DINDIGAL JUNCTION','23-08','23-10','2MINS','1');
INSERT INTO TRAIN_JOURNEY VALUES('12634','KANYAKUMARI EXPRESS','TPJ','TIRUCHIRAPPALLI JUNCTION','00-30','00-35','5MINS','2');
INSERT INTO TRAIN_JOURNEY VALUES('12634','KANYAKUMARI EXPRESS','VRI','VRIDHACHALAM JUNCTION','02-23','02-25','2MINS','2');
INSERT INTO TRAIN_JOURNEY VALUES('12634','KANYAKUMARI EXPRESS','VM','VILLUPURAM JUNCTION','03-15','03-20','5MINS','2');
INSERT INTO TRAIN_JOURNEY VALUES('12634','KANYAKUMARI EXPRESS','TMV','TINDIVANAM','03-54','03-55','1MIN','2');
INSERT INTO TRAIN_JOURNEY VALUES('12634','KANYAKUMARI EXPRESS','CGL','CHENGALPATTU','04-53','04-55','2MINS','2');
INSERT INTO TRAIN_JOURNEY VALUES('12634','KANYAKUMARI EXPRESS','TMB','TAMBARAM','05-24','05-25','1MIN','2');
INSERT INTO TRAIN_JOURNEY VALUES('12634','KANYAKUMARI EXPRESS','MBM','MAMBALAM','05-44','05-45','1MIN','2');
INSERT INTO TRAIN_JOURNEY VALUES('12634','KANYAKUMARI EXPRESS','MS','CHENNAI EGMORE','06-25','END','-','2');
INSERT INTO TRAIN_JOURNEY VALUES('12676','KOVAI EXPRESS','CBE','COIMBATORE JUNCTION','START','15-15','-','1');
INSERT INTO TRAIN_JOURNEY VALUES('12676','KOVAI EXPRESS','TUP','TIRUPPUR','15-58','16-00','2MINS','1');
INSERT INTO TRAIN_JOURNEY VALUES('12676','KOVAI EXPRESS','ED','ERODE JUNCTION','16-47','16-50','3MINS','1');
INSERT INTO TRAIN_JOURNEY VALUES('12676','KOVAI EXPRESS','SA','SALEM JUNCTION','17-42','17-45','3MINS','1');
INSERT INTO TRAIN_JOURNEY VALUES('12676','KOVAI EXPRESS','KPD','KATPADI JUNCTION','20-33','20-35','2MINS','1');
INSERT INTO TRAIN_JOURNEY VALUES('12676','KOVAI EXPRESS','AJJ','ARAKKONAM JUNCTION','21-28','21-30','2MINS','1');
INSERT INTO TRAIN_JOURNEY VALUES('12676','KOVAI EXPRESS','PER','PERAMBUR','22-19','22-20','1MIN','1');
INSERT INTO TRAIN_JOURNEY VALUES('12676','KOVAI EXPRESS','MAS','MGR CHENNAI CENTRAL','23-00','END','-','1');
INSERT INTO TRAIN_JOURNEY VALUES('12632','NELLAI EXPRESS','TEN','TIRUNELVELI JUNCTION','START','19-45','-','1');
INSERT INTO TRAIN_JOURNEY VALUES('12632','NELLAI EXPRESS','CVP','KOVILPATTI','20-39','20-40','1MIN','1');
INSERT INTO TRAIN_JOURNEY VALUES('12632','NELLAI EXPRESS','SRT','SATUR','20-59','21-00','1MIN','1');
INSERT INTO TRAIN_JOURNEY VALUES('12632','NELLAI EXPRESS','VPT','VIRUDUNAGAR JUNCTION','21-18','21-20','2MINS','1');
INSERT INTO TRAIN_JOURNEY VALUES('12632','NELLAI EXPRESS','MDU','MADURAI JUNCTION','22-15','22-20','5MINS','1');
INSERT INTO TRAIN_JOURNEY VALUES('12632','NELLAI EXPRESS','DG','DINDIGAL JUNCTION','23-18','23-20','2MINS','1');
INSERT INTO TRAIN_JOURNEY VALUES('12632','NELLAI EXPRESS','TPJ','TIRUCHIRAPPALLI JUNCTION','01-00','01-05','5MINS','2');
INSERT INTO TRAIN_JOURNEY VALUES('12632','NELLAI EXPRESS','VRI','VRIDHACHALAM JUNCTION','02-45','02-47','2MINS','2');
INSERT INTO TRAIN_JOURNEY VALUES('12632','NELLAI EXPRESS','VM','VILLUPURAM JUNCTION','03-45','03-50','5MINS','2');
INSERT INTO TRAIN_JOURNEY VALUES('12632','NELLAI EXPRESS','TMV','TINDIVANAM','04-23','04-25','2MINS','2');
INSERT INTO TRAIN_JOURNEY VALUES('12632','NELLAI EXPRESS','CGL','CHENGALPATTU','05-23','05-25','2MINS','2');
INSERT INTO TRAIN_JOURNEY VALUES('12632','NELLAI EXPRESS','TBM','TAMBARAM','05-53','05-55','2MINS','2');
INSERT INTO TRAIN_JOURNEY VALUES('12632','NELLAI EXPRESS','MBM','MAMBALAM','06-13','06-15','2MINS','2');
INSERT INTO TRAIN_JOURNEY VALUES('12632','NELLAI EXPRESS','MS','CHENNAI EGMORE','06-55','END','-','2');
INSERT INTO TRAIN_JOURNEY VALUES('12672','NILAGIRI EXPRESS','MTP','METUPALAIYAM','START','19-45','-','1');
INSERT INTO TRAIN_JOURNEY VALUES('12672','NILAGIRI EXPRESS','CBE','COIMBATORE JUNCTION','20-35','20-55','20MINS','1');
INSERT INTO TRAIN_JOURNEY VALUES('12672','NILAGIRI EXPRESS','TUP','TIRUPPUR','21-38','21-40','2MINS','1');
INSERT INTO TRAIN_JOURNEY VALUES('12672','NILAGIRI EXPRESS','ED','ERODE JUNCTION','22-25','22-30','5MINS','1');
INSERT INTO TRAIN_JOURNEY VALUES('12672','NILAGIRI EXPRESS','SA','SALEM JUNCTION','23-22','23-25','3MINS','1');
INSERT INTO TRAIN_JOURNEY VALUES('12672','NILAGIRI EXPRESS','KPD','KATPADI JUNCTION','02-23','02-25','2MINS','2');
INSERT INTO TRAIN_JOURNEY VALUES('12672','NILAGIRI EXPRESS','AJJ','ARAKKONAM JUNCTION','03-13','03-15','2MINS','2');
INSERT INTO TRAIN_JOURNEY VALUES('12672','NILAGIRI EXPRESS','PER','PERAMBUR','04-04','04-05','1MIN','2');
INSERT INTO TRAIN_JOURNEY VALUES('12672','NILAGIRI EXPRESS','MAS','MGR CHENNAI CENTRAL','05-00','END','-','2');
INSERT INTO TRAIN_JOURNEY VALUES('12605','PALLAVAN EXPRESS','MS','CHENNAI EGMORE','START','15-45','-','1');
INSERT INTO TRAIN_JOURNEY VALUES('12605','PALLAVAN EXPRESS','TBM','TAMBARAM','16-13','16-15','2MINS','1');
INSERT INTO TRAIN_JOURNEY VALUES('12605','PALLAVAN EXPRESS','CGL','CHENGALPATTU','16-43','16-45','2MINS','1');
INSERT INTO TRAIN_JOURNEY VALUES('12605','PALLAVAN EXPRESS','VM','VILLUPURAM JUNCTION','18-05','18-10','5MINS','1');
INSERT INTO TRAIN_JOURNEY VALUES('12605','PALLAVAN EXPRESS','VRI','VRIDHACHALAM JUNCTION','18-55','18-57','2MINS','1');
INSERT INTO TRAIN_JOURNEY VALUES('12605','PALLAVAN EXPRESS','ALU','ARIYALUR','19-39','19-40','1MIN','1');
INSERT INTO TRAIN_JOURNEY VALUES('12605','PALLAVAN EXPRESS','SRGM','SRIRANGAM','20-26','20-27','1MIN','1');
INSERT INTO TRAIN_JOURNEY VALUES('12605','PALLAVAN EXPRESS','TPJ','TIRUCHIRAPPALLI JUNCTION','20-50','21-05','5MINS','1');
INSERT INTO TRAIN_JOURNEY VALUES('12605','PALLAVAN EXPRESS','PDKT','PUDUKOTTAI','21-59','22-00','1MIN','1');
INSERT INTO TRAIN_JOURNEY VALUES('12605','PALLAVAN EXPRESS','KKDI','KARAIKKUDI JUNCTION','23-00','END','-','1');
INSERT INTO TRAIN_JOURNEY VALUES('12637','PANDIAN EXPRESS','MS','CHENNAI EGMORE','START','21-40','-','1');
INSERT INTO TRAIN_JOURNEY VALUES('12637','PANDIAN EXPRESS','TBM','TAMBARAM','22-08','22-10','2MINS','1');
INSERT INTO TRAIN_JOURNEY VALUES('12637','PANDIAN EXPRESS','CGL','CHENGALPATTU','22-38','22-40','2MINS','1');
INSERT INTO TRAIN_JOURNEY VALUES('12637','PANDIAN EXPRESS','VM','VILLUPURAM JUNCTION','00-02','00-07','5MINS','2');
INSERT INTO TRAIN_JOURNEY VALUES('12637','PANDIAN EXPRESS','VRI','VRIDHACHALAM JUNCTION','00-50','00-52','2MINS','2');
INSERT INTO TRAIN_JOURNEY VALUES('12637','PANDIAN EXPRESS','TPJ','TIRUCHIRAPPALLI JUNCTION','02-40','02-45','5MINS','2');
INSERT INTO TRAIN_JOURNEY VALUES('12637','PANDIAN EXPRESS','DG','DINDIGAL JUNCTION','04-05','04-10','5MINS','2');
INSERT INTO TRAIN_JOURNEY VALUES('12637','PANDIAN EXPRESS','KQN','KODAIKANAL ROAD','04-34','04-35','1MIN','2');
INSERT INTO TRAIN_JOURNEY VALUES('12637','PANDIAN EXPRESS','MDU','MADURAI JUNCTION','05-30','END','-','2');
INSERT INTO TRAIN_JOURNEY VALUES('12694','PEARL CITY EXPRESS','TN','TUTICORIN','START','20-00','-','1');
INSERT INTO TRAIN_JOURNEY VALUES('12694','PEARL CITY EXPRESS','MEJ','VANCHIMANIYACHI','20-29','20-30','1MIN','1');
INSERT INTO TRAIN_JOURNEY VALUES('12694','PEARL CITY EXPRESS','CVP','KOVILPATTI','21-04','21-05','1MIN','1');
INSERT INTO TRAIN_JOURNEY VALUES('12694','PEARL CITY EXPRESS','SRT','SATUR','21-26','21-27','1MIN','1');
INSERT INTO TRAIN_JOURNEY VALUES('12694','PEARL CITY EXPRESS','VPT','VIRUDUNAGAR JUNCTION','21-53','21-55','2MINS','1');
INSERT INTO TRAIN_JOURNEY VALUES('12694','PEARL CITY EXPRESS','MDU','MADURAI JUNCTION','22-50','22-55','5MINS','1');
INSERT INTO TRAIN_JOURNEY VALUES('12694','PEARL CITY EXPRESS','KQN','KODAIKANAL ROAD','23-29','23-30','1MIN','1');
INSERT INTO TRAIN_JOURNEY VALUES('12694','PEARL CITY EXPRESS','DG','DINDIGAL JUNCTION','23-53','23-55','2MINS','1');
INSERT INTO TRAIN_JOURNEY VALUES('12694','PEARL CITY EXPRESS','TPJ','TIRUCHIRAPPALLI JUNCTION','01-30','01-35','5MINS','2');
INSERT INTO TRAIN_JOURNEY VALUES('12694','PEARL CITY EXPRESS','VRI','VRIDHACHALAM JUNCTION','03-30','03-32','2MINS','2');
INSERT INTO TRAIN_JOURNEY VALUES('12694','PEARL CITY EXPRESS','VM','VILLUPURAM JUNCTION','03-30','03-32','2MINS','2');
INSERT INTO TRAIN_JOURNEY VALUES('12694','PEARL CITY EXPRESS','TMV','TINDIVANAM','05-04','05-05','1MIN','2');
INSERT INTO TRAIN_JOURNEY VALUES('12694','PEARL CITY EXPRESS','CGL','CHENGALPATTU','06-20','06-25','5MINS','2');
INSERT INTO TRAIN_JOURNEY VALUES('12694','PEARL CITY EXPRESS','TBM','TAMBARAM','06-48','06-50','2MINS','2');
INSERT INTO TRAIN_JOURNEY VALUES('12694','PEARL CITY EXPRESS','MBM','MAMBALAM','07-09','07-10','1MIN','2');
INSERT INTO TRAIN_JOURNEY VALUES('12694','PEARL CITY EXPRESS','MS','CHENNAI EGMORE','07-40','END','-','2');
INSERT INTO TRAIN_JOURNEY VALUES('12662','POTHIGAI EXPRESS','SCT','SENGOTTAI','START','18-10','-','1');
INSERT INTO TRAIN_JOURNEY VALUES('12662','POTHIGAI EXPRESS','TSI','TENKASI JUNCTION','18-22','18-25','3MINS','1');
INSERT INTO TRAIN_JOURNEY VALUES('12662','POTHIGAI EXPRESS','SNKL','SANKARANKOVIL','19-04','19-05','1MIN','1');
INSERT INTO TRAIN_JOURNEY VALUES('12662','POTHIGAI EXPRESS','SVKS','SIVAKASI','19-54','19-55','1MIN','1');
INSERT INTO TRAIN_JOURNEY VALUES('12662','POTHIGAI EXPRESS','VPT','VIRUDUNAGAR JUNCTION','20-28','20-30','2MINS','1');
INSERT INTO TRAIN_JOURNEY VALUES('12662','POTHIGAI EXPRESS','MDU','MADURAI JUNCTION','21-40','21-50','10MINS','1');
INSERT INTO TRAIN_JOURNEY VALUES('12662','POTHIGAI EXPRESS','DG','DINDIGAL JUNCTION','22-48','22-50','2MINS','1');
INSERT INTO TRAIN_JOURNEY VALUES('12662','POTHIGAI EXPRESS','TPJ','TIRUCHIRAPPALLI JUNCTION','00-05','00-10','5MINS','2');
INSERT INTO TRAIN_JOURNEY VALUES('12662','POTHIGAI EXPRESS','VRI','VRIDHACHALAM JUNCTION','01-53','01-55','2MINS','2');
INSERT INTO TRAIN_JOURNEY VALUES('12662','POTHIGAI EXPRESS','VM','VILLUPURAM JUNCTION','03-00','03-05','5MINS','2');
INSERT INTO TRAIN_JOURNEY VALUES('12662','POTHIGAI EXPRESS','CGL','CHENGALPATTU','04-38','04-40','2MINS','2');
INSERT INTO TRAIN_JOURNEY VALUES('12662','POTHIGAI EXPRESS','TBM','TAMBARAM','05-09','05-10','1MIN','2');
INSERT INTO TRAIN_JOURNEY VALUES('12662','POTHIGAI EXPRESS','MS','CHENNAI EGMORE','06-05','END','-','2');
INSERT INTO TRAIN_JOURNEY VALUES('12653','ROCK FORT EXPRESS','MS','CHENNAI EGMORE','START','23-30','-','1');
INSERT INTO TRAIN_JOURNEY VALUES('12653','ROCK FORT EXPRESS','MBM','MAMBALAM','23-41','23-42','1MIN','1');
INSERT INTO TRAIN_JOURNEY VALUES('12653','ROCK FORT EXPRESS','TBM','TAMBARAM','23-56','23-58','2MINS','1');
INSERT INTO TRAIN_JOURNEY VALUES('12653','ROCK FORT EXPRESS','CGL','CHENGALPATTU','00-33','00-35','2MINS','2');
INSERT INTO TRAIN_JOURNEY VALUES('12653','ROCK FORT EXPRESS','TMV','TINDIVANAM','01-18','01-20','2MINS','2');
INSERT INTO TRAIN_JOURNEY VALUES('12653','ROCK FORT EXPRESS','VM','VILLUPURAM JUNCTION','02-08','02-10','2MINS','2');
INSERT INTO TRAIN_JOURNEY VALUES('12653','ROCK FORT EXPRESS','VRI','VRIDHACHALAM JUNCTION','02-50','02-52','2MINS','2');
INSERT INTO TRAIN_JOURNEY VALUES('12653','ROCK FORT EXPRESS','ALU','ARIYALUR','03-34','03-35','1MIN','2');
INSERT INTO TRAIN_JOURNEY VALUES('12653','ROCK FORT EXPRESS','SRGM','SRIRANGAM','04-19','04-20','1MIN','2');
INSERT INTO TRAIN_JOURNEY VALUES('12653','ROCK FORT EXPRESS','TPJ','TIRUCHIRAPPALLI JUNCTION','05-15','END','-','2');
INSERT INTO TRAIN_JOURNEY VALUES('16321','TRIVANDRUM EXPRESS','NCJ','NAGERCOIL JUNCTION','START','06-25','-','1');
INSERT INTO TRAIN_JOURNEY VALUES('16321','TRIVANDRUM EXPRESS','NNN','NANGUNERI','07-14','07-15','1MIN','1');
INSERT INTO TRAIN_JOURNEY VALUES('16321','TRIVANDRUM EXPRESS','TEN','TIRUNELVELI JUNCTION','08-40','08-45','5MINS','1');
INSERT INTO TRAIN_JOURNEY VALUES('16321','TRIVANDRUM EXPRESS','MEJ','VANCHIMANIYACHI','09-18','09-20','2MINS','1');
INSERT INTO TRAIN_JOURNEY VALUES('16321','TRIVANDRUM EXPRESS','CVP','KOVILPATTI','09-53','09-55','2MINS','1');
INSERT INTO TRAIN_JOURNEY VALUES('16321','TRIVANDRUM EXPRESS','SRT','SATUR','10-18','10-20','2MINS','1');
INSERT INTO TRAIN_JOURNEY VALUES('16321','TRIVANDRUM EXPRESS','VPT','VIRUDUNAGAR JUNCTION','10-58','11-00','2MINS','1');
INSERT INTO TRAIN_JOURNEY VALUES('16321','TRIVANDRUM EXPRESS','MDU','MADURAI JUNCTION','11-55','12-00','5MINS','1');
INSERT INTO TRAIN_JOURNEY VALUES('16321','TRIVANDRUM EXPRESS','KQN','KODAIKANAL ROAD','12-38','12-40','2MINS','1');
INSERT INTO TRAIN_JOURNEY VALUES('16321','TRIVANDRUM EXPRESS','DG','DINDIGAL JUNCTION','13-20','13-25','5MINS','1');
INSERT INTO TRAIN_JOURNEY VALUES('16321','TRIVANDRUM EXPRESS','KRR','KARUR','14-48','14-50','2MINS','1');
INSERT INTO TRAIN_JOURNEY VALUES('16321','TRIVANDRUM EXPRESS','ED','ERODE JUNCTION','16-15','16-20','5MINS','1');
INSERT INTO TRAIN_JOURNEY VALUES('16321','TRIVANDRUM EXPRESS','TUP','TIRUPPUR','17-08','17-10','2MINS','1');
INSERT INTO TRAIN_JOURNEY VALUES('16321','TRIVANDRUM EXPRESS','CBE','COIMBATORE JUNCTION','19-00','END','-','1');
INSERT INTO TRAIN_JOURNEY VALUES('12636','VAIGAI EXPRESS','MDU','MADURAI JUNCTION','START','07-00','-','1');
INSERT INTO TRAIN_JOURNEY VALUES('12636','VAIGAI EXPRESS','DG','DINDIGAL JUNCTION','07-58','08-00','2MINS','1');
INSERT INTO TRAIN_JOURNEY VALUES('12636','VAIGAI EXPRESS','TPJ','TIRUCHIRAPPALLI JUNCTION','09-10','19-15','5MIN','1');
INSERT INTO TRAIN_JOURNEY VALUES('12636','VAIGAI EXPRESS','ALU','ARIYALUR','10-09','10-10','1MIN','1');
INSERT INTO TRAIN_JOURNEY VALUES('12636','VAIGAI EXPRESS','VRI','VRIDHACHALAM JUNCTION','10-48','10-50','2MINS','1');
INSERT INTO TRAIN_JOURNEY VALUES('12636','VAIGAI EXPRESS','VM','VILLUPURAM JUNCTION','11-48','11-50','2MINS','1');
INSERT INTO TRAIN_JOURNEY VALUES('12636','VAIGAI EXPRESS','CGL','CHENGALPATTU','13-18','13-20','2MINS','1');
INSERT INTO TRAIN_JOURNEY VALUES('12636','VAIGAI EXPRESS','TBM','TAMBARAM','13-48','13-50','2MINS','1');
INSERT INTO TRAIN_JOURNEY VALUES('12636','VAIGAI EXPRESS','MBM','MAMBALAM','14-08','14-10','2MINS','1');
INSERT INTO TRAIN_JOURNEY VALUES('12636','VAIGAI EXPRESS','MS','CHENNAI EGMORE','14-35','END','-','1');
INSERT INTO TRAIN_JOURNEY VALUES('22649','YERCAUD EXPRESS','MAS','MGR CHENNAI CENTRAL','START','22-40','-','1');
INSERT INTO TRAIN_JOURNEY VALUES('22649','YERCAUD EXPRESS','PER','PERAMBUR','22-53','22-55','2MINS','1');
INSERT INTO TRAIN_JOURNEY VALUES('22649','YERCAUD EXPRESS','AJJ','ARAKKONAM JUNCTION','23-48','23-50','2MINS','1');
INSERT INTO TRAIN_JOURNEY VALUES('22649','YERCAUD EXPRESS','KPD','KATPADI JUNCTION','00-48','00-50','2MINS','2');
INSERT INTO TRAIN_JOURNEY VALUES('22649','YERCAUD EXPRESS','SA','SALEM JUNCTION','04-37','04-40','3MINS','2');
INSERT INTO TRAIN_JOURNEY VALUES('22649','YERCAUD EXPRESS','ED','ERODE JUNCTION','05-55','END','-','2');




------------------------------------------------------------------------------------------------------------------------------------


#TICKET
CREATE TABLE TICKET
(TICKET_ID INTEGER PRIMARY KEY,
USER_PASSWORD VARCHAR(10) UNIQUE,
TRAIN_ID INTEGER REFERENCES TRAIN(TRAIN_ID),
TRAIN_NAME CHAR(30),
STATION_ID CHAR(5) REFERENCES STATION(STATION_ID),
STATION_NAME CHAR(30),
DESTINATION_ID CHAR(5) REFERENCES STATION(STATION_ID),
DESTINATION CHAR(30),
TRAVEL_DATE VARCHAR(15),
TRAVEL_TIME VARCHAR(6),
HEAD_COUNT INTEGER,
TOTAL_FARE INTEGER);

INSERT INTO TICKET VALUES('100','100@IRCTC','16105','CHENDUR EXPRESS','MS','CHENNAI EGMORE','TCN','TIRUCHENDUR','01-01-22','16-00','2','750');
INSERT INTO TICKET VALUES('101','101@IRCTC','12674','CHERAN EXPRESS','CBE','COIMBATORE JUNCTION','MAS','MGR CHENNAI CENTRAL','01-01-22','22-40','2','650');
INSERT INTO TICKET VALUES('102','102@IRCTC','16322','COIMBATORE-NAGERCOIL EXPRESS','CBE','COIMBATORE JUNCTION','NCJ','NAGERCOIL JUNCTION','01-01-22','08-00','2','590');
INSERT INTO TICKET VALUES('103','103@IRCTC','12634','KANYAKUMARI EXPRESS','CAPE','KANYAKUMARI','MS','CHENNAI EGMORE','01-01-22','17-20','1','430');
INSERT INTO TICKET VALUES('104','104@IRCTC','12676','KOVAI EXPRESS','CBE','COIMBATORE JUNCTION','MAS','MGR CHENNAI CENTRAL','02-01-22','15-15','1','350');
INSERT INTO TICKET VALUES('105','105@IRCTC','12632','NELLAI EXPRESS','TEN','TIRUNELVELI JUNCTION','MS','CHENNAI EGMORE','02-01-22','19-45','2','790');
INSERT INTO TICKET VALUES('106','106@IRCTC','12672','NILAGIRI EXPRESS','MTP','METUPALAIYAM','MAS','MGR CHENNAI CENTRAL','02-01-22','19-45','2','700');
INSERT INTO TICKET VALUES('107','107@IRCTC','12605','PALLAVAN EXPRESS','MS','CHENNAI EGMORE','KKDI','KARAIKKUDI JUNCTION','02-01-22','15-45','1','290');
INSERT INTO TICKET VALUES('108','108@IRCTC','12637','PANDIAN EXPRESS','MS','CHENNAI EGMORE','MDU','MADURAI JUNCTION','03-01-22','21-40','1','325');
INSERT INTO TICKET VALUES('109','109@IRCTC','12694','PEARL CITY EXPRESS','TN','TUTICORIN','MS','CHENNAI EGMORE','03-01-22','20-00','1','395');
INSERT INTO TICKET VALUES('110','110@IRCTC','12662','POTHIGAI EXPRESS','SCT','SENGOTTAI','MS','CHENNAI EGMORE','03-01-22','18-10','2','800');
INSERT INTO TICKET VALUES('111','111@IRCTC','12653','ROCK FORT EXPRESS','MS','CHENNAI EGMORE','TPJ','TIRUCHIRAPPALLI JUNCTION','03-01-22','23-30','2','520');
INSERT INTO TICKET VALUES('112','112@IRCTC','16321','TRIVANDRUM EXPRESS','NCJ','NAGERCOIL JUNCTION','CBE','COIMBATORE JUNCTION','04-01-22','06-25','1','295');
INSERT INTO TICKET VALUES('113','113@IRCTC','12636','VAIGAI EXPRESS','MDU','MADURAI JUNCTION','MS','CHENNAI EGMORE','04-01-22','07-00','1','320');
INSERT INTO TICKET VALUES('114','114@IRCTC','22649','YERCAUD EXPRESS','MAS','MGR CHENNAI CENTRAL','ED','ERODE JUNCTION','04-01-22','22-40','1','255');
INSERT INTO TICKET VALUES('115','115@IRCTC','12632','NELLAI EXPRESS','TEN','TIRUNELVELI JUNCTION','MS','CHENNAI EGMORE','04-01-22','19-45','1','395');
INSERT INTO TICKET VALUES('116','116@IRCTC','12634','KANYAKUMARI EXPRESS','CAPE','KANYAKUMARI','MS','CHENNAI EGMORE','05-01-22','17-20','1','430');
INSERT INTO TICKET VALUES('117','117@IRCTC','12636','VAIGAI EXPRESS','MDU','MADURAI JUNCTION','MS','CHENNAI EGMORE','05-01-22','07-00','1','320');
INSERT INTO TICKET VALUES('118','118@IRCTC','12676','KOVAI EXPRESS','CBE','COIMBATORE JUNCTION','MAS','MGR CHENNAI CENTRAL','05-01-22','15-15','1','350');
INSERT INTO TICKET VALUES('119','119@IRCTC','12694','PEARL CITY EXPRESS','TN','TUTICORIN','MS','CHENNAI EGMORE','05-01-22','20-00','1','395');


------------------------------------------------------------------------------------------------------------------------------------------------------------------------------------------------------




#PASSENGER_DETAILS
CREATE TABLE PASSENGER_DETAILS
(TICKET_ID INTEGER REFERENCES TICKET(TICKET_ID),
PASSENGER_NAME CHAR(30),
AGE INTEGER,
SEX CHAR(5),
DATE_OF_BIRTH VARCHAR(15));

INSERT INTO PASSENGER_DETAILS VALUES('100','AADHITHYA','18','MALE','16-01-2003');
INSERT INTO PASSENGER_DETAILS VALUES('100','ABINAV','18','MALE','04-02-2003');
INSERT INTO PASSENGER_DETAILS VALUES('101','ADITYHA','21','MALE','26-12-2000');
INSERT INTO PASSENGER_DETAILS VALUES('101','AKSHAY','19','MALE','13-03-2002');
INSERT INTO PASSENGER_DETAILS VALUES('102','ANAND','19','MALE','05-06-2002');
INSERT INTO PASSENGER_DETAILS VALUES('102','ANTONY','18','MALE','21-06-2003');
INSERT INTO PASSENGER_DETAILS VALUES('103','ARUNEESWARAN','18','MALE','04-03-2003');
INSERT INTO PASSENGER_DETAILS VALUES('104','ASHWANTH','18','MALE','08-01-2003');
INSERT INTO PASSENGER_DETAILS VALUES('105','ATHREYA','19','MALE','19-09-2002');
INSERT INTO PASSENGER_DETAILS VALUES('105','BATHRI','19','MALE','14-09-2002');
INSERT INTO PASSENGER_DETAILS VALUES('106','DEEPAK','18','MALE','16-02-2003');
INSERT INTO PASSENGER_DETAILS VALUES('106','DINESH','18','MALE','20-02-2003');
INSERT INTO PASSENGER_DETAILS VALUES('107','GAGAN','19','MALE','12-11-2002');
INSERT INTO PASSENGER_DETAILS VALUES('108','GOKUL','18','MALE','24-08-2003');
INSERT INTO PASSENGER_DETAILS VALUES('109','HARISH','19','MALE','07-08-2002');
INSERT INTO PASSENGER_DETAILS VALUES('110','JIITESH','18','MALE','23-04-2003');
INSERT INTO PASSENGER_DETAILS VALUES('110','KARTHIK','19','MALE','11-11-2002');
INSERT INTO PASSENGER_DETAILS VALUES('111','LINGESH','19','MALE','29-08-2002');
INSERT INTO PASSENGER_DETAILS VALUES('111','NALIN','22','MALE','03-01-2000');
INSERT INTO PASSENGER_DETAILS VALUES('112','NAVEEN','19','MALE','05-03-2002');
INSERT INTO PASSENGER_DETAILS VALUES('113','NITHIN','19','MALE','03-09-2002');
INSERT INTO PASSENGER_DETAILS VALUES('114','PRITHISH','19','MALE','12-08-2002');
INSERT INTO PASSENGER_DETAILS VALUES('115','ABDURRAHMAN','19','MALE','15-12-2002');
INSERT INTO PASSENGER_DETAILS VALUES('116','RAGUL','18','MALE','22-07-2003');
INSERT INTO PASSENGER_DETAILS VALUES('117','ROHAN','19','MALE','25-09-2002');
INSERT INTO PASSENGER_DETAILS VALUES('118','SHALOM','19','MALE','22-05-2002');
INSERT INTO PASSENGER_DETAILS VALUES('119','VINEET','19','MALE','20-09-2002');

---------------------------------------------------------------------------------------------------
